gene,accession,family,vsd_label,vsd_start_aa,vsd_end_aa,hcs_residue,r1,r2,r3,r4,r5,r6
KCNA1,Q09470,Kv,VSD1,165,308,232,292,295,298,301,304,307
KCNA2,P16389,Kv,VSD1,161,310,233,294,297,300,303,306,309
KCNA3,P22001,Kv,VSD1,235,381,306,364,367,370,373,376,379
KCNA4,P22459,Kv,VSD1,305,460,382,444,447,450,453,456,459
KCNA5,P22460,Kv,VSD1,248,416,335,400,403,406,409,412,415
KCNA7,Q96RP8,Kv,VSD1,144,295,220,278,281,284,287,290,293
KCNA10,Q16322,Kv,VSD1,218,358,282,341,344,347,350,353,356
KCNB1,Q14721,Kv,VSD1,187,316,240,-,300,303,306,309,312
KCNB2,Q92953,Kv,VSD1,191,317,244,-,304,307,310,313,316
KCNC1,P48547,Kv,VSD1,191,331,256,311,314,317,320,323,326
KCNC2,Q96PR1,Kv,VSD1,230,368,293,348,351,354,357,360,363
KCNC3,Q14003,Kv,VSD1,291,434,359,414,417,420,423,426,429
KCNC4,Q03721,Kv,VSD1,227,364,292,347,350,353,356,359,362
KCND1,Q9NSA2,Kv,VSD1,184,308,242,-,295,298,301,304,307
KCND2,Q9NZV8,Kv,VSD1,185,307,240,-,293,296,299,302,305
KCND3,Q9UK17,Kv,VSD1,183,306,237,-,290,293,296,299,302
KCNF1,Q9H3M0,Kv,VSD1,184,310,233,-,293,296,299,302,305
KCNG1,Q9UIX4,Kv,VSD1,225,359,279,343,346,349,-,355,358
KCNG2,Q9UJ96,Kv,VSD1,175,304,229,288,291,294,-,300,303
KCNG3,Q8TDN1,Kv,VSD1,169,305,232,289,292,295,-,301,304
KCNG4,Q8TDN1,Kv,VSD1,219,353,273,337,340,343,-,349,352
KCNQ1,P51787,Kv,VSD1,121,242,167,228,231,-,237,240,-
KCNQ2,O43526,Kv,VSD1,91,215,137,198,201,-,207,210,213
KCNQ3,O43525,Kv,VSD1,121,244,167,227,230,-,236,239,242
KCNQ4,P56696,Kv,VSD1,97,223,143,204,207,-,213,216,219
KCNQ5,Q9NR82,Kv,VSD1,126,252,171,232,235,-,241,244,247
KCNV1,Q6PIU1,Kv,VSD1,211,331,253,-,315,318,321,324,327
KCNV2,Q8TDN2,Kv,VSD1,156,395,313,377,380,383,386,389,392
KCNS1,Q96KK3,Kv,VSD1,218,358,283,-,345,348,351,354,357
KCNS2,Q9ULS6,Kv,VSD1,185,311,238,-,298,301,304,307,310
KCNS3,Q9BQ31,Kv,VSD1,183,306,233,-,293,296,299,302,305
KCNH1,O95259,Kv,VSD1,221,368,261,-,354,357,360,363,366
KCNH2,Q12809,Kv,VSD1,404,541,463,-,525,528,531,534,537
KCNH3,Q9ULD8,Kv,VSD1,229,352,272,332,335,338,341,344,347
KCNH4,Q9UQ05,Kv,VSD1,229,353,274,334,337,340,343,346,349
KCNH5,Q8NCM2,Kv,VSD1,218,340,258,-,324,327,330,333,336
KCNH6,Q9H252,Kv,VSD1,262,391,311,-,376,379,382,385,388
KCNH7,Q9NS40,Kv,VSD1,413,542,462,-,527,530,533,536,539
KCNH8,Q96L42,Kv,VSD1,226,348,268,328,331,334,337,340,343
KCNMA1,Q12791,Kv,VSD1,179,285,225,-,272,275,278,-,-
KCNN1,Q92952,Kv,VSD1,111,248,140,-,237,-,243,-,-
KCNN2,Q9H2S1,Kv,VSD1,138,276,168,-,265,-,271,-,-
KCNN3,Q9UGI6,Kv,VSD1,288,425,317,-,414,-,420,-,-
KCNN4,O15554,Kv,VSD1,29,163,59,-,159,-,-,-,-
KCNT1,Q5JUK3,Kv,VSD1,94,233,168,-,213,-,-,-,-
KCNT2,Q6UVM3,Kv,VSD1,64,185,115,-,160,-,-,-,-
KCNU1,A8MYU2,Kv,VSD1,102,209,149,-,196,199,202,-,-
CACNA1S,Q13698,Cav,VSD1,52,179,97,162,165,168,171,174,-
CACNA1S,Q13698,Cav,VSD2,433,542,475,-,528,531,534,537,540
CACNA1S,Q13698,Cav,VSD3,800,911,843,894,897,900,903,906,-
CACNA1S,Q13698,Cav,VSD4,1119,1250,1161,-,1236,1239,1242,1245,-
CACNA1C,Q13936,Cav,VSD1,125,251,170,234,237,240,243,246,-
CACNA1C,Q13936,Cav,VSD2,525,634,567,-,620,623,626,629,632
CACNA1C,Q13936,Cav,VSD3,901,1032,964,1015,1018,1021,1024,1027,-
CACNA1C,Q13936,Cav,VSD4,1240,1391,1282,-,1377,1380,1383,1386,-
CACNA1D,Q01668,Cav,VSD1,127,254,172,237,240,243,246,249,-
CACNA1D,Q01668,Cav,VSD2,524,633,566,-,619,622,625,628,631
CACNA1D,Q01668,Cav,VSD3,887,998,930,981,984,987,990,993,-
CACNA1D,Q01668,Cav,VSD4,1206,1333,1248,-,1319,1322,1325,1328,-
CACNA1F,O60840,Cav,VSD1,93,220,138,203,206,209,212,215,-
CACNA1F,O60840,Cav,VSD2,530,639,572,-,625,628,631,634,637
CACNA1F,O60840,Cav,VSD3,872,983,915,966,969,972,975,978,-
CACNA1F,O60840,Cav,VSD4,1191,1310,1233,-,1296,1299,1302,1305,-
CACNA1A,O00555,Cav,VSD1,99,209,144,192,195,198,201,204,-
CACNA1A,O00555,Cav,VSD2,487,596,529,-,582,585,588,591,594
CACNA1A,O00555,Cav,VSD3,1242,1357,1287,1342,1345,1348,1351,1354,1357
CACNA1A,O00555,Cav,VSD4,1564,1670,1608,-,1660,1663,1666,1669,-
CACNA1B,Q00975,Cav,VSD1,91,211,141,189,192,195,198,201,-
CACNA1B,Q00975,Cav,VSD2,483,586,525,-,578,581,584,857,-
CACNA1B,Q00975,Cav,VSD3,1152,1265,1194,1248,1251,1254,1257,1260,1263
CACNA1B,Q00975,Cav,VSD4,1472,1582,1514,-,1568,1571,1574,1577,1580
CACNA1E,Q15878,Cav,VSD1,90,205,135,187,190,193,196,199,-
CACNA1E,Q15878,Cav,VSD2,477,586,519,-,572,575,578,581,584
CACNA1E,Q15878,Cav,VSD3,1149,1272,1197,1255,1258,1261,1264,1267,1270
CACNA1E,Q15878,Cav,VSD4,1480,1590,1521,-,1576,1579,1582,1585,1588
CACNA1G,O43497,Cav,VSD1,81,193,128,-,180,183,186,189,-
CACNA1G,O43497,Cav,VSD2,744,856,786,-,834,837,840,843,846
CACNA1G,O43497,Cav,VSD3,1273,1400,1321,1378,1381,1384,1387,1390,-
CACNA1G,O43497,Cav,VSD4,1611,1731,1654,1709,1712,1715,1718,1721,1724
CACNA1H,O95180,Cav,VSD1,101,212,147,-,199,202,205,208,-
CACNA1H,O95180,Cav,VSD2,794,906,836,-,884,887,890,893,896
CACNA1H,O95180,Cav,VSD3,1291,1418,1339,1396,1399,1402,1405,1408,-
CACNA1H,O95180,Cav,VSD4,1617,1737,1660,1715,1718,1721,1724,1727,1730
CACNA1I,Q9P0X4,Cav,VSD1,79,191,126,-,178,181,184,187,-
CACNA1I,Q9P0X4,Cav,VSD2,641,753,683,-,731,734,737,740,743
CACNA1I,Q9P0X4,Cav,VSD3,1167,1294,1215,1272,1275,1278,1281,1284,-
CACNA1I,Q9P0X4,Cav,VSD4,1486,1607,1530,1585,1588,1591,1594,1597,1600
SCN1A,P35498,Nav,VSD1,129,235,165,-,216,219,222,225,-
SCN1A,P35498,Nav,VSD2,769,874,811,-,859,862,865,868,871
SCN1A,P35498,Nav,VSD3,1219,1332,1263,1313,1316,1319,1322,1325,-
SCN1A,P35498,Nav,VSD4,1542,1655,1584,1636,1639,1642,1645,1648,1651
SCN2A,Q99250,Nav,VSD1,130,231,166,-,217,220,223,226,-
SCN2A,Q99250,Nav,VSD2,760,863,802,-,850,853,856,859,862
SCN2A,Q99250,Nav,VSD3,1210,1319,1253,1303,1306,1309,1312,1315,1318
SCN2A,Q99250,Nav,VSD4,1533,1640,1574,1626,1629,1632,1635,1638,1641
SCN3A,Q9NY46,Nav,VSD1,129,235,165,-,216,219,222,225,228
SCN3A,Q9NY46,Nav,VSD2,762,865,803,-,851,854,857,860,863
SCN3A,Q9NY46,Nav,VSD3,1206,1320,1251,1301,1304,1307,1310,1313,-
SCN3A,Q9NY46,Nav,VSD4,1527,1640,1569,1621,1624,1627,1630,1633,1636
SCN4A,P35499,Nav,VSD1,132,233,168,-,219,222,225,228,231
SCN4A,P35499,Nav,VSD2,579,682,621,-,669,672,675,678,681
SCN4A,P35499,Nav,VSD3,1033,1142,1076,1126,1129,1132,1135,1138,-
SCN4A,P35499,Nav,VSD4,1355,1462,1396,1448,1451,1454,1457,1460,1463
SCN5A,Q14524,Nav,VSD1,130,236,168,-,219,222,225,228,-
SCN5A,Q14524,Nav,VSD2,720,821,760,-,808,811,814,817,820
SCN5A,Q14524,Nav,VSD3,1204,1317,1250,1300,1303,1306,1309,1312,-
SCN5A,Q14524,Nav,VSD4,1529,1640,1571,1623,1626,1629,1632,1635,1638
SCN8A,Q9UQD0,Nav,VSD1,133,234,169,-,220,223,226,229,232
SCN8A,Q9UQD0,Nav,VSD2,754,857,796,-,844,847,850,853,856
SCN8A,Q9UQD0,Nav,VSD3,1200,1309,1243,1293,1296,1299,1302,1305,-
SCN8A,Q9UQD0,Nav,VSD4,1524,1631,1565,1617,1620,1623,1626,1629,1632
SCN9A,Q15858,Nav,VSD1,126,227,163,-,214,217,220,223,-
SCN9A,Q15858,Nav,VSD2,746,848,787,-,835,838,841,844,847
SCN9A,Q15858,Nav,VSD3,1188,1304,1237,1287,1290,1293,1296,1299,-
SCN9A,Q15858,Nav,VSD4,1515,1627,1558,1610,1613,1616,1619,1622,1625
SCN10A,Q9Y5Y9,Nav,VSD1,126,232,164,-,215,218,221,224,-
SCN10A,Q9Y5Y9,Nav,VSD2,660,773,708,-,756,759,762,765,768
SCN10A,Q9Y5Y9,Nav,VSD3,1148,1264,1197,1247,1250,1253,1256,1259,-
SCN10A,Q9Y5Y9,Nav,VSD4,1472,1594,1519,1573,1576,1579,1582,1585,1588
SCN11A,Q9UI33,Nav,VSD1,127,239,170,-,222,225,228,231,234
SCN11A,Q9UI33,Nav,VSD2,573,687,620,-,670,673,676,679,682
SCN11A,Q9UI33,Nav,VSD3,1052,1161,1101,1144,1147,1150,1153,1156,-
SCN11A,Q9UI33,Nav,VSD4,1362,1484,1409,1463,1466,1469,1472,1475,1478
PKD2,Q13563,TRPP,VSD1,220,597,487,-,572,575,-,581,-
PKD2L1,Q9P0L9,TRPP,VSD1,32,406,296,-,382,385,-,391,-
PKD2L2,Q9NZM6,TRPP,VSD1,104,479,366,-,452,455,-,461,-
HVCN1,Q96D96,Hv,VSD1,101,218,150,-,205,208,211,-,-
CNGA1,P29973,CNG,VSD1,166,286,211,-,271,274,277,280,-
CNGA2,Q16280,CNG,VSD1,145,265,186,-,246,249,252,255,-
CNGA3,Q16281,CNG,VSD1,171,288,214,-,274,277,280,283,-
CNGA4,Q8IV77,CNG,VSD1,39,159,80,-,140,143,146,149,-
CNGB1,Q14028,CNG,VSD1,657,773,702,-,762,765,768,-,-
CNGB3,Q9NQW8,CNG,VSD1,219,335,264,-,324,327,330,-,-
HCN1,O60741,HCN,VSD1,143,281,186,-,249,252,255,258,261
HCN2,Q9UL51,HCN,VSD1,216,338,255,-,318,321,324,327,330
HCN3,Q9P1Z3,HCN,VSD1,98,222,137,-,202,205,208,211,214
HCN4,Q9Y3Q4,HCN,VSD1,264,399,306,-,369,372,375,378,381
